<?xml version="1.0" encoding="UTF-8" standalone="yes"?>
<manifest>
  <control namespace="TodoList" constructor="Todo" version="0.0.1" display-name-key="Todo" description-key="Todo description" control-type="standard" api-version="1.2.3">
    <property name="maxCharacterCounterLimit" display-name-key="Limit Char" description-key="Limit Char" of-type="Whole.None" usage="input" required="true"/>
    <resources>
      <code path="bundle.js" order="1"/>
      <css path="css/Todo.css" order="1"/>
    </resources>
    <built-by name="pac" version="1.5.5"/>
  </control>
</manifest>